{"max": [-0.00111145, 0.389105, 0.224759], "centroid": [-0.08516902727272715, 0.10265196937062963, 0.09698634016783216], "id": "1b73f96cf598ef492cba66dc6aeabcd4", "numVertices": 286, "min": [-0.170125, -0.00587164, 0.000480162]}
