{"max": [0.0195159, 0.164433, 0.00079375], "centroid": [-0.059313358518268, 0.0775180926251693, -0.07881299395669708], "id": "2e1fd1d756563937c5c86021644af7b5", "numVertices": 1478, "min": [-0.121078, 0.0, -0.102399]}
