{"max": [0.218398, 0.353525, 0.246175], "centroid": [0.01509196010783966, 0.23863041820276504, 0.008171193237327195], "id": "c94497750ff15b998578f0cefc281dbb", "numVertices": 868, "min": [-0.214235, 0.0, -0.201746]}
