{"max": [-0.562887, 1.32715, 3.52767], "centroid": [-3.7963499687500004, 0.6486130000000001, 0.6908248343749999], "id": "1a0a2715462499fbf9029695a3277412", "numVertices": 96, "min": [-6.79937, 0.0, -2.70882]}
