{"cameraMode":{"drawMode":0,"name":"Shaded","section":"Shading Mode"},"sceneLighting":true,"audioPlay":false,"sceneViewState":{"m_AlwaysRefresh":false,"showFog":true,"showSkybox":true,"showFlares":true,"showImageEffects":true,"showParticleSystems":true,"showVisualEffectGraphs":true,"m_FxEnabled":true},"in2DMode":false,"pivot":{"x":0.21819889545440675,"y":4.6979241371154789,"z":-5.00447940826416},"rotation":{"x":0.20999230444431306,"y":0.3932722508907318,"z":-0.09270584583282471,"w":0.8903437852859497},"size":1.0792253017425538,"orthographic":false}